,tag,year,unanswered,total
1,.NET,2008,48,5885
2,.NET,2009,1130,22894
3,.NET,2010,2502,30935
4,.NET,2011,4363,38549
5,.NET,2012,6014,35486
6,.NET,2013,8242,32203
7,.NET,2014,10802,26499
41,ABAP,2008,0,10
42,ABAP,2009,0,36
43,ABAP,2010,1,45
44,ABAP,2011,0,66
45,ABAP,2012,12,177
46,ABAP,2013,36,190
47,ABAP,2014,53,154
49,ABC,2008,0,1
50,ABC,2009,1,5
51,ABC,2010,0,6
52,ABC,2011,1,14
53,ABC,2012,0,9
54,ABC,2013,4,19
55,ABC,2014,4,16
90,ACC,2009,0,2
91,ACC,2010,0,2
92,ACC,2011,0,2
93,ACC,2012,1,6
94,ACC,2013,3,8
95,ACC,2014,5,7
97,Accent,2008,0,9
98,Accent,2009,1,45
99,Accent,2010,9,97
100,Accent,2011,18,130
101,Accent,2012,24,116
102,Accent,2013,24,92
103,Accent,2014,45,86
116,ACL2,2011,0,1
118,ACL2,2013,2,3
119,ACL2,2014,5,10
129,Action!,2008,0,10
130,Action!,2009,8,94
131,Action!,2010,43,287
132,Action!,2011,66,454
133,Action!,2012,164,614
134,Action!,2013,194,580
135,Action!,2014,288,563
137,ActionScript,2008,3,138
138,ActionScript,2009,82,802
139,ActionScript,2010,260,1409
140,ActionScript,2011,424,2070
141,ActionScript,2012,449,1537
142,ActionScript,2013,528,1286
143,ActionScript,2014,464,820
145,Ada,2008,0,8
146,Ada,2009,1,29
147,Ada,2010,2,92
148,Ada,2011,3,109
149,Ada,2012,8,167
150,Ada,2013,11,187
151,Ada,2014,30,210
162,Agda,2009,0,1
163,Agda,2010,0,4
164,Agda,2011,0,1
165,Agda,2012,0,33
166,Agda,2013,0,32
167,Agda,2014,11,102
191,AIMMS,2014,0,2
226,ALGOL 68,2009,0,2
228,ALGOL 68,2011,1,1
230,ALGOL 68,2013,0,3
242,Alice,2009,0,4
243,Alice,2010,1,5
244,Alice,2011,0,2
246,Alice,2013,1,2
247,Alice,2014,2,2
278,AMOS,2013,0,2
279,AMOS,2014,2,2
282,AMPL,2009,0,2
283,AMPL,2010,0,2
284,AMPL,2011,0,2
285,AMPL,2012,5,18
286,AMPL,2013,1,20
287,AMPL,2014,13,41
290,APL,2009,0,7
291,APL,2010,0,4
292,APL,2011,0,8
293,APL,2012,0,14
294,APL,2013,0,24
295,APL,2014,2,31
305,AppleScript,2008,2,28
306,AppleScript,2009,11,131
307,AppleScript,2010,37,373
308,AppleScript,2011,80,612
309,AppleScript,2012,161,734
310,AppleScript,2013,259,928
311,AppleScript,2014,429,1006
315,Arc,2010,0,1
316,Arc,2011,21,377
317,Arc,2012,150,1242
318,Arc,2013,149,814
319,Arc,2014,150,438
337,AspectJ,2008,0,6
338,AspectJ,2009,7,45
339,AspectJ,2010,8,111
340,AspectJ,2011,50,284
341,AspectJ,2012,61,285
342,AspectJ,2013,154,401
343,AspectJ,2014,197,427
345,Assembly,2008,2,93
346,Assembly,2009,8,590
347,Assembly,2010,60,1310
348,Assembly,2011,170,2020
349,Assembly,2012,318,2741
350,Assembly,2013,748,3644
351,Assembly,2014,1168,3393
359,ATS,2014,0,1
369,AutoHotkey,2008,0,5
370,AutoHotkey,2009,1,24
371,AutoHotkey,2010,4,54
372,AutoHotkey,2011,14,87
373,AutoHotkey,2012,41,207
374,AutoHotkey,2013,178,525
375,AutoHotkey,2014,115,317
385,AutoIt,2008,0,3
386,AutoIt,2009,1,16
387,AutoIt,2010,2,46
388,AutoIt,2011,11,113
389,AutoIt,2012,34,113
390,AutoIt,2013,56,236
391,AutoIt,2014,137,288
409,AWK,2008,0,22
410,AWK,2009,2,193
411,AWK,2010,8,462
412,AWK,2011,14,783
413,AWK,2012,34,1628
414,AWK,2013,119,2848
415,AWK,2014,248,3070
418,Axum,2009,0,1
419,Axum,2010,0,1
420,Axum,2011,0,1
426,B,2009,0,1
429,B,2012,1,2
431,B,2014,3,5
441,Bash,2008,0,226
442,Bash,2009,5,1240
443,Bash,2010,68,2651
444,Bash,2011,163,4865
445,Bash,2012,384,7991
446,Bash,2013,1249,11913
447,Bash,2014,2295,13423
449,BASIC,2008,0,2
450,BASIC,2009,0,9
451,BASIC,2010,1,22
452,BASIC,2011,2,12
453,BASIC,2012,4,21
454,BASIC,2013,17,52
455,BASIC,2014,87,147
458,bc,2009,0,2
459,bc,2010,0,8
460,bc,2011,0,12
461,bc,2012,1,18
462,bc,2013,4,39
463,bc,2014,3,28
468,BCPL,2011,0,2
470,BCPL,2013,0,2
473,BeanShell,2008,0,3
474,BeanShell,2009,1,5
475,BeanShell,2010,2,22
476,BeanShell,2011,6,24
477,BeanShell,2012,9,26
478,BeanShell,2013,15,38
479,BeanShell,2014,23,58
481,Batch,2008,1,162
482,Batch,2009,31,694
483,Batch,2010,98,1064
484,Batch,2011,208,2032
485,Batch,2012,495,3321
486,Batch,2013,1179,5788
487,Batch,2014,2412,6508
497,BETA,2008,0,5
498,BETA,2009,0,25
499,BETA,2010,1,19
500,BETA,2011,7,33
501,BETA,2012,6,41
502,BETA,2013,6,19
503,BETA,2014,34,66
553,Boo,2008,0,16
554,Boo,2009,0,25
555,Boo,2010,2,24
556,Boo,2011,3,18
557,Boo,2012,1,11
558,Boo,2013,2,10
559,Boo,2014,8,16
565,Boomerang,2012,1,2
566,Boomerang,2013,2,3
567,Boomerang,2014,1,5
577,BREW,2008,0,2
578,BREW,2009,1,4
579,BREW,2010,0,11
580,BREW,2011,1,14
581,BREW,2012,4,15
582,BREW,2013,20,51
583,BREW,2014,49,101
585,BPEL,2008,1,9
586,BPEL,2009,1,9
587,BPEL,2010,5,17
588,BPEL,2011,23,84
589,BPEL,2012,33,79
590,BPEL,2013,50,105
591,BPEL,2014,87,114
593,C,2008,1,1173
594,C,2009,60,6745
595,C,2010,448,15144
596,C,2011,1176,22095
597,C,2012,2522,29300
598,C,2013,5462,36865
599,C,2014,8190,34573
601,C--,2008,1,1173
602,C--,2009,60,6745
603,C--,2010,448,15144
604,C--,2011,1176,22095
605,C--,2012,2522,29300
606,C--,2013,5462,36865
607,C--,2014,8190,34573
609,C++,2008,3,3099
610,C++,2009,251,15683
611,C++,2010,1260,31808
612,C++,2011,3079,47135
613,C++,2012,6558,60775
614,C++,2013,13992,76666
615,C++,2014,20889,73261
617,C#,2008,31,7412
618,C#,2009,2050,45579
619,C#,2010,5776,75195
620,C#,2011,11819,111165
621,C#,2012,21558,133438
622,C#,2013,39470,157324
623,C#,2014,61309,156763
625,C/AL,2008,0,1
626,C/AL,2009,0,10
627,C/AL,2010,1,4
628,C/AL,2011,2,5
629,C/AL,2012,0,5
630,C/AL,2013,3,6
631,C/AL,2014,4,8
641,Caml,2008,0,9
642,Caml,2009,4,55
643,Caml,2010,10,43
644,Caml,2011,21,92
645,Caml,2012,20,73
646,Caml,2013,34,84
647,Caml,2014,42,72
700,Ceylon,2011,0,3
701,Ceylon,2012,0,3
702,Ceylon,2013,1,13
703,Ceylon,2014,0,6
706,CFEngine,2009,0,2
708,CFEngine,2011,0,3
709,CFEngine,2012,2,4
710,CFEngine,2013,0,5
711,CFEngine,2014,4,9
713,CFML,2008,0,7
714,CFML,2009,0,10
715,CFML,2010,0,22
716,CFML,2011,0,12
717,CFML,2012,3,27
718,CFML,2013,30,177
719,CFML,2014,21,71
721,Cg,2008,0,1
722,Cg,2009,1,4
723,Cg,2010,4,15
724,Cg,2011,10,41
725,Cg,2012,10,45
726,Cg,2013,9,34
727,Cg,2014,17,32
735,Ch,2014,0,1
740,Chapel,2011,0,1
742,Chapel,2013,0,1
743,Chapel,2014,1,1
747,CHAIN,2010,2,8
748,CHAIN,2011,4,31
749,CHAIN,2012,11,41
750,CHAIN,2013,10,43
751,CHAIN,2014,20,69
765,Charm,2012,0,1
766,Charm,2013,2,2
767,Charm,2014,2,2
770,Chef,2009,0,1
771,Chef,2010,0,8
772,Chef,2011,3,54
773,Chef,2012,29,270
774,Chef,2013,124,690
775,Chef,2014,360,1044
801,ChucK,2008,0,2
802,ChucK,2009,0,1
803,ChucK,2010,0,2
804,ChucK,2011,0,1
805,ChucK,2012,0,2
806,ChucK,2013,1,4
810,CICS,2009,0,1
811,CICS,2010,0,3
812,CICS,2011,1,8
813,CICS,2012,1,19
814,CICS,2013,2,9
815,CICS,2014,5,19
818,Cilk,2009,0,1
819,Cilk,2010,0,2
820,Cilk,2011,0,5
821,Cilk,2012,4,16
822,Cilk,2013,2,7
823,Cilk,2014,2,7
827,CL,2010,0,1
831,CL,2014,6,18
842,Clarion,2009,1,4
843,Clarion,2010,2,3
844,Clarion,2011,0,3
845,Clarion,2012,1,12
846,Clarion,2013,1,4
847,Clarion,2014,4,12
857,Clipper,2008,0,1
858,Clipper,2009,0,6
859,Clipper,2010,0,3
860,Clipper,2011,0,2
861,Clipper,2012,0,5
862,Clipper,2013,1,10
863,Clipper,2014,3,5
866,CLIST,2009,0,2
867,CLIST,2010,0,2
868,CLIST,2011,0,2
869,CLIST,2012,1,3
870,CLIST,2013,1,4
871,CLIST,2014,3,7
873,Clojure,2008,0,22
874,Clojure,2009,0,307
875,Clojure,2010,5,821
876,Clojure,2011,19,1221
877,Clojure,2012,74,1838
878,Clojure,2013,159,2190
879,Clojure,2014,310,2081
897,COBOL,2008,0,15
898,COBOL,2009,0,62
899,COBOL,2010,3,71
900,COBOL,2011,2,98
901,COBOL,2012,6,95
902,COBOL,2013,5,122
903,COBOL,2014,26,155
906,Cobra,2009,1,3
907,Cobra,2010,0,2
908,Cobra,2011,0,1
910,Cobra,2013,1,1
911,Cobra,2014,0,1
922,CoffeeScript,2009,0,1
923,CoffeeScript,2010,0,23
924,CoffeeScript,2011,36,760
925,CoffeeScript,2012,195,1708
926,CoffeeScript,2013,458,2158
927,CoffeeScript,2014,783,1990
945,ColdFusion,2008,0,84
946,ColdFusion,2009,24,548
947,ColdFusion,2010,70,999
948,ColdFusion,2011,134,1431
949,ColdFusion,2012,225,1863
950,ColdFusion,2013,473,1864
951,ColdFusion,2014,556,1675
999,COMPASS,2014,91,131
1034,Coq,2009,0,5
1035,Coq,2010,0,7
1036,Coq,2011,0,23
1037,Coq,2012,3,81
1038,Coq,2013,15,108
1039,Coq,2014,22,152
1073,CPL,2008,0,1
1074,CPL,2009,0,1
1075,CPL,2010,1,2
1077,CPL,2012,2,2
1079,CPL,2014,4,4
1081,csh,2008,0,5
1082,csh,2009,0,27
1083,csh,2010,1,59
1084,csh,2011,1,53
1085,csh,2012,10,89
1086,csh,2013,42,148
1087,csh,2014,62,123
1094,CSP,2013,0,2
1095,CSP,2014,14,26
1100,Csound,2011,0,2
1101,Csound,2012,1,1
1102,Csound,2013,1,1
1103,Csound,2014,5,9
1105,CUDA,2008,0,18
1106,CUDA,2009,1,67
1107,CUDA,2010,0,344
1108,CUDA,2011,25,1047
1109,CUDA,2012,169,1882
1110,CUDA,2013,299,2325
1111,CUDA,2014,238,1470
1113,Curl,2008,0,41
1114,Curl,2009,21,368
1115,Curl,2010,143,1099
1116,Curl,2011,362,2049
1117,Curl,2012,751,2887
1118,Curl,2013,1466,3684
1119,Curl,2014,2559,4620
1123,Curry,2010,0,1
1124,Curry,2011,2,8
1126,Curry,2013,0,1
1127,Curry,2014,0,4
1133,Cyclone,2012,0,11
1134,Cyclone,2013,1,1
1135,Cyclone,2014,1,4
1137,Cython,2008,0,1
1138,Cython,2009,0,12
1139,Cython,2010,0,54
1140,Cython,2011,18,148
1141,Cython,2012,41,205
1142,Cython,2013,75,306
1143,Cython,2014,164,465
1145,D,2008,0,17
1146,D,2009,1,72
1147,D,2010,0,124
1148,D,2011,1,301
1149,D,2012,7,311
1150,D,2013,8,320
1151,D,2014,27,365
1164,Dart,2011,0,29
1165,Dart,2012,14,450
1166,Dart,2013,182,1555
1167,Dart,2014,473,2342
1169,DataFlex,2008,0,2
1170,DataFlex,2009,1,1
1171,DataFlex,2010,0,1
1173,DataFlex,2012,1,2
1175,DataFlex,2014,0,1
1179,Datalog,2010,0,3
1180,Datalog,2011,1,3
1181,Datalog,2012,1,3
1182,Datalog,2013,5,14
1183,Datalog,2014,6,14
1193,dBase,2008,1,4
1194,dBase,2009,0,12
1195,dBase,2010,6,26
1196,dBase,2011,6,25
1197,dBase,2012,9,29
1198,dBase,2013,16,40
1199,dBase,2014,16,28
1203,dc,2010,0,1
1204,dc,2011,0,4
1205,dc,2012,0,2
1206,dc,2013,0,3
1207,dc,2014,6,13
1211,DCL,2010,0,2
1212,DCL,2011,0,1
1213,DCL,2012,0,5
1214,DCL,2013,1,10
1215,DCL,2014,0,7
1225,Delphi,2008,3,519
1226,Delphi,2009,68,2679
1227,Delphi,2010,162,3843
1228,Delphi,2011,319,5326
1229,Delphi,2012,600,5300
1230,Delphi,2013,977,5467
1231,Delphi,2014,1303,4507
1235,DCL,2010,0,2
1236,DCL,2011,0,1
1237,DCL,2012,0,5
1238,DCL,2013,1,10
1239,DCL,2014,0,7
1261,Dog,2012,0,1
1284,Dylan,2011,0,2
1285,Dylan,2012,0,3
1286,Dylan,2013,0,3
1287,Dylan,2014,2,3
1303,E,2014,0,24
1345,ECMAScript,2008,13,2674
1357,EGL,2010,0,1
1358,EGL,2011,1,9
1359,EGL,2012,7,21
1360,EGL,2013,21,42
1361,EGL,2014,25,46
1364,Eiffel,2009,0,3
1365,Eiffel,2010,0,7
1366,Eiffel,2011,0,13
1367,Eiffel,2012,1,8
1368,Eiffel,2013,0,5
1369,Eiffel,2014,4,14
1383,Elixir,2012,0,2
1384,Elixir,2013,2,47
1385,Elixir,2014,8,192
1391,Elm,2012,0,1
1392,Elm,2013,1,16
1393,Elm,2014,3,48
1420,EPL,2009,0,1
1421,EPL,2010,0,4
1422,EPL,2011,0,7
1423,EPL,2012,4,11
1424,EPL,2013,6,12
1425,EPL,2014,11,15
1427,Erlang,2008,0,47
1428,Erlang,2009,5,394
1429,Erlang,2010,23,613
1430,Erlang,2011,45,875
1431,Erlang,2012,90,965
1432,Erlang,2013,159,992
1433,Erlang,2014,195,985
1547,F#,2008,0,100
1548,F#,2009,0,509
1549,F#,2010,4,1027
1550,F#,2011,21,1292
1551,F#,2012,40,1201
1552,F#,2013,81,1309
1553,F#,2014,173,1457
1564,Falcon,2009,0,4
1568,Falcon,2013,1,2
1569,Falcon,2014,6,7
1579,Fantom,2008,0,1
1580,Fantom,2009,1,1
1581,Fantom,2010,0,1
1582,Fantom,2011,0,2
1584,Fantom,2013,1,8
1585,Fantom,2014,1,14
1635,Flex,2008,7,457
1636,Flex,2009,395,3208
1637,Flex,2010,976,5078
1638,Flex,2011,1323,5934
1639,Flex,2012,1309,3909
1640,Flex,2013,1111,2433
1641,Flex,2014,684,1138
1659,FOCUS,2008,0,35
1660,FOCUS,2009,23,265
1661,FOCUS,2010,92,481
1662,FOCUS,2011,132,757
1663,FOCUS,2012,226,858
1664,FOCUS,2013,337,907
1665,FOCUS,2014,403,754
1683,@Formula,2008,0,5
1684,@Formula,2009,5,54
1685,@Formula,2010,10,114
1686,@Formula,2011,19,149
1687,@Formula,2012,46,278
1688,@Formula,2013,119,413
1689,@Formula,2014,190,469
1691,Forth,2008,0,1
1692,Forth,2009,0,6
1693,Forth,2010,0,13
1694,Forth,2011,1,11
1695,Forth,2012,0,10
1696,Forth,2013,4,31
1697,Forth,2014,9,29
1699,Fortran,2008,0,16
1700,Fortran,2009,5,131
1701,Fortran,2010,16,232
1702,Fortran,2011,33,448
1703,Fortran,2012,113,741
1704,Fortran,2013,222,1068
1705,Fortran,2014,310,1162
1709,Fortress,2010,0,2
1712,Fortress,2013,0,1
1713,Fortress,2014,1,1
1723,FoxPro,2008,0,13
1724,FoxPro,2009,1,51
1725,FoxPro,2010,5,78
1726,FoxPro,2011,12,67
1727,FoxPro,2012,25,112
1728,FoxPro,2013,28,111
1729,FoxPro,2014,33,84
1756,F-Script,2009,0,1
1757,F-Script,2010,0,3
1758,F-Script,2011,0,2
1761,F-Script,2014,0,2
1822,G-code,2011,1,1
1823,G-code,2012,1,5
1824,G-code,2013,1,4
1825,G-code,2014,4,6
1829,Genie,2010,0,1
1830,Genie,2011,0,5
1831,Genie,2012,1,3
1832,Genie,2013,2,3
1833,Genie,2014,4,6
1867,GLSL,2008,0,2
1868,GLSL,2009,0,35
1869,GLSL,2010,8,126
1870,GLSL,2011,34,390
1871,GLSL,2012,82,649
1872,GLSL,2013,209,859
1873,GLSL,2014,364,932
1892,Go,2009,0,78
1893,Go,2010,0,149
1894,Go,2011,0,355
1895,Go,2012,6,921
1896,Go,2013,101,2071
1897,Go,2014,412,3493
1900,Go!,2009,0,78
1901,Go!,2010,0,149
1902,Go!,2011,0,355
1903,Go!,2012,6,921
1904,Go!,2013,101,2071
1905,Go!,2014,412,3493
1909,GOAL,2010,0,3
1910,GOAL,2011,3,10
1911,GOAL,2012,3,12
1912,GOAL,2013,0,7
1913,GOAL,2014,9,13
1941,Gosu,2010,0,2
1942,Gosu,2011,0,1
1943,Gosu,2012,0,1
1944,Gosu,2013,0,1
1945,Gosu,2014,2,6
1977,GRASS,2014,6,9
1979,Groovy,2008,0,91
1980,Groovy,2009,28,468
1981,Groovy,2010,65,888
1982,Groovy,2011,161,1772
1983,Groovy,2012,263,1911
1984,Groovy,2013,479,2095
1985,Groovy,2014,1030,2911
2027,Haskell,2008,0,75
2028,Haskell,2009,1,507
2029,Haskell,2010,0,1337
2030,Haskell,2011,15,3098
2031,Haskell,2012,73,4142
2032,Haskell,2013,273,4601
2033,Haskell,2014,700,5407
2035,Haxe,2008,0,6
2036,Haxe,2009,0,28
2037,Haxe,2010,1,34
2038,Haxe,2011,3,40
2039,Haxe,2012,11,123
2040,Haxe,2013,27,168
2041,Haxe,2014,77,229
2051,HLSL,2008,0,2
2052,HLSL,2009,0,32
2053,HLSL,2010,4,61
2054,HLSL,2011,9,106
2055,HLSL,2012,42,163
2056,HLSL,2013,62,195
2057,HLSL,2014,72,161
2081,Hugo,2014,0,2
2092,HyperTalk,2009,0,2
2096,HyperTalk,2013,0,1
2097,HyperTalk,2014,0,1
2139,Icon,2008,0,65
2140,Icon,2009,17,289
2141,Icon,2010,45,472
2142,Icon,2011,84,664
2143,Icon,2012,177,905
2144,Icon,2013,302,961
2145,Icon,2014,517,1003
2155,IDL,2008,1,9
2156,IDL,2009,1,25
2157,IDL,2010,7,40
2158,IDL,2011,9,51
2159,IDL,2012,14,75
2160,IDL,2013,17,56
2161,IDL,2014,36,76
2167,Idris,2012,0,2
2168,Idris,2013,0,7
2169,Idris,2014,12,45
2173,IMP,2010,0,3
2174,IMP,2011,1,8
2175,IMP,2012,3,16
2176,IMP,2013,4,11
2177,IMP,2014,5,7
2187,Io,2008,0,74
2188,Io,2009,8,270
2189,Io,2010,18,426
2190,Io,2011,99,1226
2191,Io,2012,224,1753
2192,Io,2013,392,1972
2193,Io,2014,622,1877
2196,Ioke,2009,0,3
2204,IPL,2009,0,1
2209,IPL,2014,2,2
2231,ISPF,2012,0,2
2232,ISPF,2013,1,1
2233,ISPF,2014,1,6
2244,J,2009,0,9
2245,J,2010,1,25
2246,J,2011,0,20
2247,J,2012,1,30
2248,J,2013,0,46
2249,J,2014,1,33
2251,J#,2008,0,5
2252,J#,2009,1,9
2253,J#,2010,1,10
2254,J#,2011,3,12
2255,J#,2012,5,9
2256,J#,2013,2,6
2257,J#,2014,3,4
2260,J++,2009,0,4
2262,J++,2011,1,1
2263,J++,2012,2,2
2268,JADE,2009,0,1
2269,JADE,2010,0,2
2270,JADE,2011,9,133
2271,JADE,2012,50,423
2272,JADE,2013,167,711
2273,JADE,2014,375,910
2292,Janus,2009,0,1
2293,Janus,2010,2,8
2294,Janus,2011,0,12
2295,Janus,2012,7,27
2296,Janus,2013,5,13
2297,Janus,2014,20,24
2307,Java,2008,11,4317
2308,Java,2009,830,23822
2309,Java,2010,3964,54215
2310,Java,2011,10586,97461
2311,Java,2012,22492,139053
2312,Java,2013,44998,177712
2313,Java,2014,81692,202834
2315,JavaScript,2008,13,2674
2316,JavaScript,2010,3782,42980
2317,JavaScript,2011,10768,88126
2318,JavaScript,2012,21781,130368
2319,JavaScript,2013,47443,184652
2320,JavaScript,2014,87906,224148
2322,JCL,2008,0,1
2323,JCL,2009,0,5
2324,JCL,2010,0,13
2325,JCL,2011,1,26
2326,JCL,2012,1,29
2327,JCL,2013,4,28
2328,JCL,2014,8,45
2378,JScript,2008,0,2
2379,JScript,2009,1,10
2380,JScript,2010,1,17
2381,JScript,2011,0,27
2382,JScript,2012,29,122
2383,JScript,2013,59,176
2384,JScript,2014,89,185
2386,JScript .NET,2008,0,2
2387,JScript .NET,2009,1,9
2388,JScript .NET,2010,0,9
2389,JScript .NET,2011,3,11
2390,JScript .NET,2012,2,12
2391,JScript .NET,2013,2,8
2392,JScript .NET,2014,10,16
2408,Julia,2014,2,3
2410,Jython,2008,1,39
2411,Jython,2009,10,107
2412,Jython,2010,19,163
2413,Jython,2011,51,244
2414,Jython,2012,82,302
2415,Jython,2013,147,353
2416,Jython,2014,188,339
2419,K,2009,0,3
2420,K,2010,0,2
2421,K,2011,0,5
2422,K,2012,0,3
2423,K,2013,0,1
2424,K,2014,1,3
2431,Kaleidoscope,2013,1,2
2432,Kaleidoscope,2014,1,4
2437,Karel,2011,0,4
2438,Karel,2012,2,6
2439,Karel,2013,2,5
2440,Karel,2014,0,2
2470,KIF,2012,0,1
2471,KIF,2013,6,22
2472,KIF,2014,20,35
2485,Kotlin,2011,0,2
2486,Kotlin,2012,0,12
2487,Kotlin,2013,1,16
2488,Kotlin,2014,10,63
2500,KRL,2010,0,34
2501,KRL,2011,2,82
2502,KRL,2012,2,5
2515,KRYPTON,2009,0,1
2516,KRYPTON,2010,0,1
2517,KRYPTON,2011,0,2
2519,KRYPTON,2013,0,1
2520,KRYPTON,2014,4,7
2522,ksh,2008,0,25
2523,ksh,2009,2,63
2524,ksh,2010,6,116
2525,ksh,2011,9,162
2526,ksh,2012,20,192
2527,ksh,2013,70,358
2528,ksh,2014,79,337
2546,LabVIEW,2008,0,14
2547,LabVIEW,2009,1,19
2548,LabVIEW,2010,3,37
2549,LabVIEW,2011,0,48
2550,LabVIEW,2012,10,77
2551,LabVIEW,2013,22,110
2552,LabVIEW,2014,42,109
2576,LANSA,2014,0,1
2578,Lasso,2008,0,1
2579,Lasso,2009,1,2
2580,Lasso,2010,0,1
2581,Lasso,2011,0,1
2582,Lasso,2012,1,5
2583,Lasso,2013,6,21
2584,Lasso,2014,17,26
2586,LaTeX,2008,0,34
2587,LaTeX,2009,1,441
2588,LaTeX,2010,50,1040
2589,LaTeX,2011,43,413
2590,LaTeX,2012,40,382
2591,LaTeX,2013,117,502
2592,LaTeX,2014,323,708
2594,Lava,2008,0,1
2595,Lava,2009,1,1
2597,Lava,2011,1,1
2598,Lava,2012,1,4
2599,Lava,2013,1,2
2600,Lava,2014,4,5
2614,Leda,2012,2,4
2615,Leda,2013,4,5
2616,Leda,2014,2,3
2635,LilyPond,2009,0,2
2636,LilyPond,2010,0,5
2637,LilyPond,2011,1,6
2638,LilyPond,2012,0,2
2639,LilyPond,2013,1,18
2640,LilyPond,2014,1,5
2666,Lingo,2008,0,2
2667,Lingo,2009,1,6
2668,Lingo,2010,0,3
2669,Lingo,2011,2,5
2670,Lingo,2012,3,4
2671,Lingo,2013,2,5
2672,Lingo,2014,3,4
2685,LIS,2011,0,1
2687,LIS,2013,2,8
2688,LIS,2014,5,20
2706,Lisp,2008,0,112
2707,Lisp,2009,1,312
2708,Lisp,2010,4,514
2709,Lisp,2011,7,602
2710,Lisp,2012,29,704
2711,Lisp,2013,24,746
2712,Lisp,2014,29,513
2738,Logo,2008,0,2
2739,Logo,2009,0,6
2740,Logo,2010,0,3
2741,Logo,2011,1,7
2742,Logo,2012,1,3
2743,Logo,2013,1,5
2744,Logo,2014,1,11
2749,Logtalk,2011,0,2
2750,Logtalk,2012,0,1
2751,Logtalk,2013,0,3
2755,LPC,2009,0,1
2756,LPC,2010,0,3
2757,LPC,2011,1,4
2758,LPC,2012,2,15
2759,LPC,2013,14,31
2760,LPC,2014,14,34
2781,LiveCode,2011,0,2
2782,LiveCode,2012,1,6
2783,LiveCode,2013,33,158
2784,LiveCode,2014,52,165
2790,LiveScript,2012,0,3
2791,LiveScript,2013,1,14
2792,LiveScript,2014,7,26
2794,Lua,2008,0,42
2795,Lua,2009,2,233
2796,Lua,2010,15,463
2797,Lua,2011,57,909
2798,Lua,2012,133,1244
2799,Lua,2013,341,2031
2800,Lua,2014,590,2067
2816,Lustre,2014,1,1
2827,Lynx,2009,0,6
2828,Lynx,2010,1,5
2829,Lynx,2011,1,9
2830,Lynx,2012,3,15
2831,Lynx,2013,6,21
2832,Lynx,2014,14,20
2842,M4,2008,0,1
2843,M4,2009,1,8
2844,M4,2010,2,9
2845,M4,2011,2,15
2846,M4,2012,1,11
2847,M4,2013,8,29
2848,M4,2014,8,19
2887,Magma,2013,0,3
2888,Magma,2014,6,10
2890,make,2008,0,50
2891,make,2009,2,227
2892,make,2010,17,413
2893,make,2011,74,711
2894,make,2012,159,1036
2895,make,2013,294,1149
2896,make,2014,429,1106
2899,Maple,2009,0,2
2900,Maple,2010,0,19
2901,Maple,2011,5,37
2902,Maple,2012,7,39
2903,Maple,2013,15,74
2904,Maple,2014,27,80
2907,MAPPER,2009,0,1
2908,MAPPER,2010,1,10
2909,MAPPER,2011,2,37
2910,MAPPER,2012,6,30
2911,MAPPER,2013,32,81
2912,MAPPER,2014,40,71
2938,Mathematica,2008,0,5
2939,Mathematica,2009,0,72
2940,Mathematica,2010,2,257
2941,Mathematica,2011,21,1421
2942,Mathematica,2012,64,506
2943,Mathematica,2013,149,410
2944,Mathematica,2014,152,323
2946,MATLAB,2008,1,58
2947,MATLAB,2009,14,585
2948,MATLAB,2010,105,1774
2949,MATLAB,2011,361,3823
2950,MATLAB,2012,1062,7040
2951,MATLAB,2013,2498,11025
2952,MATLAB,2014,5109,13690
2955,Maxima,2009,0,2
2956,Maxima,2010,0,5
2957,Maxima,2011,1,17
2958,Maxima,2012,6,27
2959,Maxima,2013,16,52
2960,Maxima,2014,4,62
2962,Max,2008,0,10
2963,Max,2009,6,95
2964,Max,2010,7,169
2965,Max,2011,33,334
2966,Max,2012,55,547
2967,Max,2013,147,784
2968,Max,2014,208,748
2970,MaxScript,2008,0,1
2971,MaxScript,2009,1,3
2972,MaxScript,2010,2,9
2973,MaxScript,2011,2,9
2974,MaxScript,2012,1,16
2975,MaxScript,2013,3,18
2976,MaxScript,2014,13,37
2996,Mercury,2010,0,4
2997,Mercury,2011,0,5
2998,Mercury,2012,0,5
2999,Mercury,2013,0,2
3000,Mercury,2014,4,10
3004,Mesa,2010,2,5
3005,Mesa,2011,1,12
3006,Mesa,2012,4,19
3007,Mesa,2013,6,22
3008,Mesa,2014,12,21
3032,MetaL,2014,3,18
3076,Mirah,2010,0,2
3077,Mirah,2011,0,8
3078,Mirah,2012,0,3
3079,Mirah,2013,0,1
3080,Mirah,2014,1,1
3085,Miranda,2011,0,4
3086,Miranda,2012,0,3
3087,Miranda,2013,1,1
3088,Miranda,2014,0,2
3098,ML,2008,0,3
3099,ML,2009,0,8
3100,ML,2010,2,20
3101,ML,2011,3,47
3102,ML,2012,4,55
3103,ML,2013,13,121
3104,ML,2014,31,89
3124,Modelica,2010,0,2
3125,Modelica,2011,0,15
3126,Modelica,2012,0,31
3127,Modelica,2013,6,60
3128,Modelica,2014,19,83
3139,Modula-2,2009,0,1
3140,Modula-2,2010,1,4
3142,Modula-2,2012,0,1
3143,Modula-2,2013,0,3
3148,Modula-3,2010,0,1
3166,MOO,2012,0,2
3167,MOO,2013,0,6
3168,MOO,2014,1,5
3178,Mouse,2008,0,45
3179,Mouse,2009,12,219
3180,Mouse,2010,31,322
3181,Mouse,2011,77,426
3182,Mouse,2012,133,521
3183,Mouse,2013,204,545
3184,Mouse,2014,290,497
3192,MPD,2014,8,16
3194,MSIL,2008,0,21
3195,MSIL,2009,2,65
3196,MSIL,2010,0,92
3197,MSIL,2011,3,88
3198,MSIL,2012,5,96
3199,MSIL,2013,3,80
3200,MSIL,2014,7,44
3211,MUMPS,2009,0,2
3212,MUMPS,2010,0,3
3213,MUMPS,2011,0,11
3214,MUMPS,2012,0,5
3215,MUMPS,2013,0,6
3216,MUMPS,2014,2,9
3218,NASM,2008,0,4
3219,NASM,2009,0,33
3220,NASM,2010,4,82
3221,NASM,2011,16,173
3222,NASM,2012,34,273
3223,NASM,2013,103,425
3224,NASM,2014,120,365
3242,Neko,2008,0,1
3243,Neko,2009,0,5
3244,Neko,2010,1,2
3245,Neko,2011,2,4
3246,Neko,2012,0,3
3247,Neko,2013,1,5
3248,Neko,2014,4,12
3250,Nemerle,2008,0,4
3251,Nemerle,2009,0,5
3252,Nemerle,2010,0,18
3253,Nemerle,2011,1,12
3254,Nemerle,2012,0,6
3255,Nemerle,2013,0,9
3256,Nemerle,2014,1,2
3259,nesC,2009,0,1
3260,nesC,2010,1,2
3262,nesC,2012,1,5
3263,nesC,2013,10,21
3264,nesC,2014,7,11
3283,NetLogo,2009,0,1
3284,NetLogo,2010,1,24
3285,NetLogo,2011,0,9
3286,NetLogo,2012,3,34
3287,NetLogo,2013,8,122
3288,NetLogo,2014,80,506
3292,NetRexx,2010,0,1
3300,NewLISP,2010,0,2
3301,NewLISP,2011,0,1
3302,NewLISP,2012,0,5
3303,NewLISP,2013,1,4
3304,NewLISP,2014,0,2
3316,Newspeak,2010,0,3
3317,Newspeak,2011,0,2
3318,Newspeak,2012,0,1
3323,NewtonScript,2009,0,1
3327,NewtonScript,2013,0,2
3328,NewtonScript,2014,1,1
3346,Nice,2008,1,5
3347,Nice,2009,0,4
3348,Nice,2010,0,3
3349,Nice,2011,0,4
3350,Nice,2012,1,11
3351,Nice,2013,4,13
3352,Nice,2014,4,16
3386,NSIS,2008,0,14
3387,NSIS,2009,5,76
3388,NSIS,2010,15,139
3389,NSIS,2011,25,214
3390,NSIS,2012,45,367
3391,NSIS,2013,88,335
3392,NSIS,2014,80,224
3436,Oberon,2010,0,1
3437,Oberon,2011,0,4
3438,Oberon,2012,0,1
3439,Oberon,2013,0,2
3440,Oberon,2014,1,1
3490,Objective-C,2008,0,384
3491,Objective-C,2009,273,6200
3492,Objective-C,2010,1687,17729
3493,Objective-C,2011,4402,38023
3494,Objective-C,2012,7636,44604
3495,Objective-C,2013,10869,44287
3496,Objective-C,2014,18953,45749
3498,Objective-J,2008,0,2
3499,Objective-J,2009,0,8
3500,Objective-J,2010,2,25
3501,Objective-J,2011,2,20
3502,Objective-J,2012,1,10
3503,Objective-J,2013,3,7
3504,Objective-J,2014,2,2
3522,OCaml,2008,0,19
3523,OCaml,2009,0,115
3524,OCaml,2010,0,200
3525,OCaml,2011,4,397
3526,OCaml,2012,6,504
3527,OCaml,2013,44,698
3528,OCaml,2014,101,662
3538,Octave,2008,0,3
3539,Octave,2009,3,32
3540,Octave,2010,4,63
3541,Octave,2011,23,168
3542,Octave,2012,55,408
3543,Octave,2013,107,420
3544,Octave,2014,187,538
3565,Opa,2011,8,73
3566,Opa,2012,10,73
3567,Opa,2013,3,17
3568,Opa,2014,8,12
3575,Opal,2013,0,1
3578,OpenCL,2008,0,1
3579,OpenCL,2009,0,25
3580,OpenCL,2010,6,132
3581,OpenCL,2011,28,314
3582,OpenCL,2012,138,630
3583,OpenCL,2013,197,715
3584,OpenCL,2014,250,715
3599,OPL,2013,1,1
3600,OPL,2014,6,7
3650,Oxygene,2008,0,3
3651,Oxygene,2009,1,25
3652,Oxygene,2010,1,21
3653,Oxygene,2011,0,1
3654,Oxygene,2012,0,26
3655,Oxygene,2013,5,23
3656,Oxygene,2014,0,4
3659,Oz,2009,0,5
3660,Oz,2010,1,2
3661,Oz,2011,0,6
3662,Oz,2012,2,8
3663,Oz,2013,0,6
3664,Oz,2014,10,24
3690,Pascal,2008,0,6
3691,Pascal,2009,1,52
3692,Pascal,2010,8,119
3693,Pascal,2011,18,182
3694,Pascal,2012,18,187
3695,Pascal,2013,45,273
3696,Pascal,2014,63,227
3702,Pawn,2012,0,2
3703,Pawn,2013,3,12
3704,Pawn,2014,6,8
3717,PCF,2011,0,1
3718,PCF,2012,0,3
3719,PCF,2013,2,2
3720,PCF,2014,3,3
3738,Perl,2008,0,520
3739,Perl,2009,13,2607
3740,Perl,2010,127,4836
3741,Perl,2011,331,6472
3742,Perl,2012,593,7181
3743,Perl,2013,1306,8988
3744,Perl,2014,1619,7879
3748,PDL,2010,0,3
3749,PDL,2011,0,11
3750,PDL,2012,0,8
3751,PDL,2013,0,1
3752,PDL,2014,1,6
3754,PHP,2008,2,2240
3755,PHP,2009,723,20053
3756,PHP,2010,4114,50804
3757,PHP,2011,11328,92674
3758,PHP,2012,21267,122002
3759,PHP,2013,43744,151688
3760,PHP,2014,71360,165075
3770,Pico,2008,0,1
3771,Pico,2009,0,1
3773,Pico,2011,0,2
3774,Pico,2012,0,3
3775,Pico,2013,3,5
3776,Pico,2014,1,3
3779,Picolisp,2009,0,2
3781,Picolisp,2011,0,2
3784,Picolisp,2014,0,1
3795,Pike,2009,0,2
3799,Pike,2013,1,3
3800,Pike,2014,1,1
3858,PL/C,2008,0,5
3859,PL/C,2009,0,5
3860,PL/C,2010,1,8
3861,PL/C,2011,4,17
3862,PL/C,2012,5,35
3863,PL/C,2013,22,67
3864,PL/C,2014,33,58
3875,PL/M,2009,0,1
3876,PL/M,2010,1,5
3877,PL/M,2011,1,6
3878,PL/M,2012,3,9
3879,PL/M,2013,4,11
3880,PL/M,2014,21,35
3890,PL/SQL,2008,0,87
3891,PL/SQL,2009,7,489
3892,PL/SQL,2010,34,800
3893,PL/SQL,2011,64,1159
3894,PL/SQL,2012,173,1553
3895,PL/SQL,2013,450,2247
3896,PL/SQL,2014,676,2185
3928,PLEX,2014,3,3
3947,POP-11,2009,0,1
3950,POP-11,2012,0,1
3954,PostScript,2008,0,9
3955,PostScript,2009,1,29
3956,PostScript,2010,5,60
3957,PostScript,2011,5,69
3958,PostScript,2012,11,103
3959,PostScript,2013,18,103
3960,PostScript,2014,26,91
3962,PortablE,2008,0,30
3963,PortablE,2009,4,141
3964,PortablE,2010,11,192
3965,PortablE,2011,18,154
3966,PortablE,2012,26,155
3967,PortablE,2013,26,139
3968,PortablE,2014,62,139
3978,PowerBuilder,2008,2,11
3979,PowerBuilder,2009,2,54
3980,PowerBuilder,2010,4,88
3981,PowerBuilder,2011,25,113
3982,PowerBuilder,2012,40,154
3983,PowerBuilder,2013,61,143
3984,PowerBuilder,2014,67,129
3986,PowerShell,2008,2,138
3987,PowerShell,2009,22,717
3988,PowerShell,2010,75,1152
3989,PowerShell,2011,194,2067
3990,PowerShell,2012,580,3807
3991,PowerShell,2013,1170,5407
3992,PowerShell,2014,2175,6730
3997,PPL,2011,0,1
3998,PPL,2012,5,27
3999,PPL,2013,7,24
4000,PPL,2014,9,19
4002,Processing,2008,0,6
4003,Processing,2009,3,38
4004,Processing,2010,11,72
4005,Processing,2011,35,211
4006,Processing,2012,78,374
4007,Processing,2013,210,663
4008,Processing,2014,354,747
4011,Processing.js,2009,1,8
4012,Processing.js,2010,2,19
4013,Processing.js,2011,10,55
4014,Processing.js,2012,15,47
4015,Processing.js,2013,22,62
4016,Processing.js,2014,32,57
4034,Prolog,2008,0,12
4035,Prolog,2009,5,129
4036,Prolog,2010,23,336
4037,Prolog,2011,53,712
4038,Prolog,2012,118,973
4039,Prolog,2013,182,1277
4040,Prolog,2014,260,1171
4055,Promela,2013,4,15
4056,Promela,2014,12,28
4082,Pro*C,2008,0,1
4086,Pro*C,2012,12,67
4087,Pro*C,2013,18,102
4088,Pro*C,2014,57,145
4098,Python,2008,2,2080
4099,Python,2012,7078,61807
4100,Python,2013,17274,91360
4101,Python,2014,34029,106942
4107,Q,2012,0,7
4108,Q,2013,29,181
4109,Q,2014,62,349
4120,Qi,2009,0,1
4122,Qi,2011,0,1
4124,Qi,2013,0,1
4125,Qi,2014,0,3
4128,QtScript,2009,0,3
4129,QtScript,2010,3,19
4130,QtScript,2011,6,11
4131,QtScript,2012,4,12
4132,QtScript,2013,9,20
4133,QtScript,2014,7,11
4151,R,2008,0,8
4152,R,2009,1,527
4153,R,2010,35,2258
4154,R,2011,178,5720
4155,R,2012,1065,11843
4156,R,2013,3366,21355
4157,R,2014,8468,28844
4167,Racket,2008,0,5
4168,Racket,2009,0,68
4169,Racket,2010,3,125
4170,Racket,2011,5,219
4171,Racket,2012,17,335
4172,Racket,2013,34,542
4173,Racket,2014,53,456
4207,rc,2008,0,2
4208,rc,2009,0,1
4209,rc,2010,1,14
4210,rc,2011,2,17
4211,rc,2012,3,30
4212,rc,2013,7,24
4213,rc,2014,12,18
4215,REBOL,2008,0,3
4216,REBOL,2009,1,70
4217,REBOL,2010,8,97
4218,REBOL,2011,1,25
4219,REBOL,2012,0,12
4220,REBOL,2013,10,130
4221,REBOL,2014,4,90
4228,Red,2013,0,11
4229,Red,2014,0,11
4269,rex,2014,2,5
4271,REXX,2008,0,1
4272,REXX,2009,0,6
4273,REXX,2010,0,10
4274,REXX,2011,0,4
4275,REXX,2012,1,6
4276,REXX,2013,2,14
4277,REXX,2014,6,13
4303,RPG,2008,0,1
4304,RPG,2009,1,8
4305,RPG,2010,0,10
4306,RPG,2011,3,13
4307,RPG,2012,2,25
4308,RPG,2013,2,21
4309,RPG,2014,3,17
4319,RSL,2008,0,1
4320,RSL,2009,0,11
4321,RSL,2010,2,14
4322,RSL,2011,2,13
4323,RSL,2012,4,8
4324,RSL,2013,3,6
4325,RSL,2014,3,3
4335,Ruby,2008,3,938
4336,Ruby,2009,173,5182
4337,Ruby,2010,703,10149
4338,Ruby,2011,1778,18586
4339,Ruby,2012,3388,23911
4340,Ruby,2013,6066,27976
4341,Ruby,2014,9634,28501
4353,Rust,2010,0,2
4355,Rust,2012,0,27
4356,Rust,2013,7,141
4357,Rust,2014,71,886
4360,S,2009,0,1
4361,S,2010,0,1
4362,S,2011,0,2
4363,S,2012,3,15
4364,S,2013,14,19
4365,S,2014,11,19
4375,S3,2008,0,19
4376,S3,2009,16,196
4377,S3,2010,50,412
4378,S3,2011,128,971
4379,S3,2012,358,1609
4380,S3,2013,758,2119
4381,S3,2014,1542,2713
4392,S-PLUS,2009,0,1
4393,S-PLUS,2010,0,3
4394,S-PLUS,2011,0,6
4395,S-PLUS,2012,1,1
4396,S-PLUS,2013,3,3
4397,S-PLUS,2014,5,8
4439,SAS,2008,0,5
4440,SAS,2009,3,110
4441,SAS,2010,9,91
4442,SAS,2011,22,218
4443,SAS,2012,35,412
4444,SAS,2013,150,961
4445,SAS,2014,368,1521
4447,SASL,2008,0,2
4448,SASL,2009,2,8
4449,SASL,2010,2,10
4450,SASL,2011,4,14
4451,SASL,2012,11,28
4452,SASL,2013,8,22
4453,SASL,2014,33,41
4479,Scala,2008,0,21
4480,Scala,2009,2,615
4481,Scala,2010,29,2071
4482,Scala,2011,150,4313
4483,Scala,2012,325,5484
4484,Scala,2013,1145,8470
4485,Scala,2014,2483,9909
4487,Scheme,2008,0,58
4488,Scheme,2009,1,235
4489,Scheme,2010,10,406
4490,Scheme,2011,21,580
4491,Scheme,2012,28,729
4492,Scheme,2013,55,997
4493,Scheme,2014,77,709
4495,Scilab,2008,0,1
4496,Scilab,2009,0,3
4497,Scilab,2010,2,14
4498,Scilab,2011,1,13
4499,Scilab,2012,9,26
4500,Scilab,2013,27,66
4501,Scilab,2014,59,93
4518,Sed,2008,0,24
4519,Sed,2009,4,242
4520,Sed,2010,8,558
4521,Sed,2011,21,1010
4522,Sed,2012,51,1703
4523,Sed,2013,151,2634
4524,Sed,2014,242,2667
4535,Self,2009,2,25
4536,Self,2010,4,53
4537,Self,2011,7,106
4538,Self,2012,9,122
4539,Self,2013,24,124
4540,Self,2014,24,128
4605,Simulink,2008,0,2
4606,Simulink,2009,2,12
4607,Simulink,2010,3,28
4608,Simulink,2011,13,90
4609,Simulink,2012,40,110
4610,Simulink,2013,112,299
4611,Simulink,2014,196,392
4637,Smalltalk,2008,0,18
4638,Smalltalk,2009,0,80
4639,Smalltalk,2010,0,94
4640,Smalltalk,2011,2,171
4641,Smalltalk,2012,5,150
4642,Smalltalk,2013,10,269
4643,Smalltalk,2014,19,152
4646,Small Basic,2009,0,1
4647,Small Basic,2010,0,1
4648,Small Basic,2011,0,1
4649,Small Basic,2012,1,1
4650,Small Basic,2013,0,5
4651,Small Basic,2014,4,9
4653,SML,2008,0,4
4654,SML,2009,0,27
4655,SML,2010,4,74
4656,SML,2011,2,111
4657,SML,2012,5,143
4658,SML,2013,22,319
4659,SML,2014,43,166
4664,SNOBOL,2011,0,1
4666,SNOBOL,2014,2,2
4668,Snowball,2008,0,1
4669,Snowball,2009,0,1
4670,Snowball,2010,0,3
4671,Snowball,2011,0,2
4672,Snowball,2012,3,9
4673,Snowball,2013,3,7
4674,Snowball,2014,3,10
4683,Span,2008,8,1358
4684,Span,2009,364,9157
4685,Span,2010,1642,20561
4686,Span,2011,4686,40737
4687,Span,2012,9573,59913
4688,Span,2013,22295,89838
4689,Span,2014,37711,107097
4692,SPARK,2009,2,21
4693,SPARK,2010,13,101
4694,SPARK,2011,56,238
4695,SPARK,2012,57,180
4696,SPARK,2013,42,120
4697,SPARK,2014,279,483
4702,SPIN,2011,0,1
4703,SPIN,2012,0,3
4704,SPIN,2013,2,14
4705,SPIN,2014,18,33
4723,Squeak,2008,0,4
4724,Squeak,2009,0,33
4725,Squeak,2010,1,33
4726,Squeak,2011,1,53
4727,Squeak,2012,1,35
4728,Squeak,2013,2,47
4729,Squeak,2014,2,32
4731,Squirrel,2008,0,1
4732,Squirrel,2009,0,2
4733,Squirrel,2010,0,1
4736,Squirrel,2013,3,3
4737,Squirrel,2014,5,7
4747,S/SL,2008,2,156
4748,S/SL,2009,57,651
4749,S/SL,2010,195,1166
4750,S/SL,2011,382,2008
4751,S/SL,2012,733,2807
4752,S/SL,2013,1346,3416
4753,S/SL,2014,3081,5375
4780,Stata,2009,0,4
4781,Stata,2010,0,17
4782,Stata,2011,2,53
4783,Stata,2012,11,98
4784,Stata,2013,52,382
4785,Stata,2014,98,423
4789,Stateflow,2010,1,2
4790,Stateflow,2011,0,2
4791,Stateflow,2012,0,4
4792,Stateflow,2013,3,9
4793,Stateflow,2014,3,10
4795,Subtext,2008,0,3
4796,Subtext,2009,0,5
4797,Subtext,2010,0,3
4798,Subtext,2011,1,4
4799,Subtext,2012,1,1
4805,SuperCollider,2010,0,1
4806,SuperCollider,2011,2,6
4807,SuperCollider,2012,0,6
4808,SuperCollider,2013,1,22
4809,SuperCollider,2014,5,12
4820,Swift,2009,0,1
4821,Swift,2010,0,1
4822,Swift,2011,1,3
4823,Swift,2012,0,2
4824,Swift,2013,0,1
4825,Swift,2014,3937,12834
4889,TAL,2014,0,1
4891,Tcl,2008,0,11
4892,Tcl,2009,2,98
4893,Tcl,2010,15,207
4894,Tcl,2011,21,330
4895,Tcl,2012,56,588
4896,Tcl,2013,144,896
4897,Tcl,2014,233,867
4922,TeX,2008,0,3
4923,TeX,2009,0,46
4924,TeX,2010,3,78
4925,TeX,2011,4,42
4926,TeX,2012,1,41
4927,TeX,2013,11,44
4928,TeX,2014,51,92
4930,TEX,2008,0,3
4931,TEX,2009,0,46
4932,TEX,2010,3,78
4933,TEX,2011,4,42
4934,TEX,2012,1,41
4935,TEX,2013,11,44
4936,TEX,2014,51,92
4938,TIE,2008,0,1
4939,TIE,2009,0,6
4940,TIE,2010,1,5
4941,TIE,2011,0,7
4942,TIE,2012,0,5
4943,TIE,2013,4,17
4944,TIE,2014,4,14
4993,Trac,2008,0,26
4994,Trac,2010,13,109
4995,Trac,2011,16,115
4996,Trac,2012,18,108
4997,Trac,2013,30,86
4998,Trac,2014,33,74
5017,TTCN,2009,1,4
5021,TTCN,2013,0,2
5024,Turing,2008,0,1
5025,Turing,2009,0,3
5026,Turing,2010,1,8
5027,Turing,2011,0,1
5028,Turing,2012,1,3
5029,Turing,2013,3,9
5030,Turing,2014,5,6
5052,TypeScript,2012,14,497
5053,TypeScript,2013,110,1139
5054,TypeScript,2014,266,1413
5056,Turbo C++,2008,0,2
5057,Turbo C++,2009,0,5
5058,Turbo C++,2010,2,19
5059,Turbo C++,2011,3,23
5060,Turbo C++,2012,3,14
5061,Turbo C++,2013,4,40
5062,Turbo C++,2014,8,36
5103,UNITY,2008,0,11
5104,UNITY,2009,16,173
5105,UNITY,2010,29,277
5106,UNITY,2011,59,437
5107,UNITY,2012,90,467
5108,UNITY,2013,123,427
5109,UNITY,2014,198,471
5120,UnrealScript,2009,0,2
5121,UnrealScript,2010,0,7
5122,UnrealScript,2011,3,8
5123,UnrealScript,2012,2,14
5124,UnrealScript,2013,4,15
5125,UnrealScript,2014,7,13
5128,Vala,2009,0,6
5129,Vala,2010,0,24
5130,Vala,2011,6,63
5131,Vala,2013,19,101
5132,Vala,2014,12,92
5134,VBA,2008,3,175
5135,VBA,2009,71,1151
5136,VBA,2010,219,1742
5137,VBA,2011,407,2852
5138,VBA,2012,884,4835
5139,VBA,2013,2750,9066
5140,VBA,2014,5733,12766
5142,VBScript,2008,5,157
5143,VBScript,2009,41,535
5144,VBScript,2010,139,831
5145,VBScript,2011,215,1153
5146,VBScript,2012,398,1700
5147,VBScript,2013,757,2354
5148,VBScript,2014,1042,2392
5150,Verilog,2008,0,10
5151,Verilog,2009,0,22
5152,Verilog,2010,1,54
5153,Verilog,2011,2,124
5154,Verilog,2012,8,219
5155,Verilog,2013,53,448
5156,Verilog,2014,109,463
5158,VHDL,2008,0,7
5159,VHDL,2009,0,27
5160,VHDL,2010,1,58
5161,VHDL,2011,9,177
5162,VHDL,2012,37,278
5163,VHDL,2013,119,613
5164,VHDL,2014,174,604
5222,Visual J#,2008,0,1
5223,Visual J#,2009,0,1
5224,Visual J#,2010,0,1
5225,Visual J#,2011,1,2
5226,Visual J#,2012,3,3
5274,WebDNA,2013,1,1
5293,Winbatch,2008,1,162
5294,Winbatch,2009,31,694
5295,Winbatch,2010,98,1064
5296,Winbatch,2011,208,2032
5297,Winbatch,2012,495,3320
5298,Winbatch,2013,1179,5788
5299,Winbatch,2014,2416,6520
5301,Wolfram,2008,0,5
5302,Wolfram,2009,0,72
5303,Wolfram,2010,2,257
5304,Wolfram,2011,21,1421
5305,Wolfram,2012,64,506
5306,Wolfram,2013,149,410
5307,Wolfram,2014,152,323
5317,X++,2008,0,8
5318,X++,2009,1,22
5319,X++,2010,2,19
5320,X++,2011,3,74
5321,X++,2012,6,142
5322,X++,2013,22,127
5323,X++,2014,31,151
5333,X10,2008,0,1
5334,X10,2009,0,1
5335,X10,2010,1,5
5336,X10,2011,0,4
5337,X10,2012,1,3
5338,X10,2013,1,1
5343,XBL,2010,1,14
5344,XBL,2011,2,9
5345,XBL,2012,2,5
5346,XBL,2013,4,7
5347,XBL,2014,6,19
5377,Xojo,2012,0,1
5378,Xojo,2013,1,19
5379,Xojo,2014,4,15
5405,XQuery,2008,0,18
5406,XQuery,2009,9,79
5407,XQuery,2010,23,184
5408,XQuery,2011,33,284
5409,XQuery,2012,69,587
5410,XQuery,2013,70,454
5411,XQuery,2014,104,437
5416,XSB,2011,0,2
5417,XSB,2012,3,3
5418,XSB,2013,0,5
5419,XSB,2014,4,4
5421,XSLT,2008,2,211
5422,XSLT,2009,68,1229
5423,XSLT,2010,142,1981
5424,XSLT,2011,368,3079
5425,XSLT,2012,517,3702
5426,XSLT,2013,874,4373
5427,XSLT,2014,1034,3860
5432,Xtend,2011,0,6
5433,Xtend,2012,2,35
5434,Xtend,2013,12,54
5435,Xtend,2014,26,52
5446,YQL,2009,1,19
5447,YQL,2010,10,86
5448,YQL,2011,34,139
5449,YQL,2012,43,147
5450,YQL,2013,37,88
5451,YQL,2014,76,123
5479,ZPL,2010,0,4
5480,ZPL,2011,3,17
5481,ZPL,2012,2,16
5482,ZPL,2013,11,36
5483,ZPL,2014,25,54
